passengerId,name,surname,contactNumber
256,hakan,dogan,5511264584
257,deniz,aslan,5511264585
258,berk,karaca,5511264586
259,irem,tek,5511264587
260,murat,ozdemir,5511264588
261,eda,sari,5511264589
262,furkan,kaplan,5511264590
263,tugce,kilic,5511264591
264,onur,toprak,5511264592
265,ceren,polat,5511264593
266,serkan,aydin,5511264594
267,buse,aktas,5511264595
268,enes,coskun,5511264596
269,gizem,uzun,5511264597
270,ugur,can,5511264598
271,dilara,oz,5511264599
272,volkan,sen,5511264600
273,hilal,yavuz,5511264601
274,ibrahim,ince,5511264602
275,sena,altin,5511264603
276,kerem,bulut,5511264604
277,damla,tas,5511264605
278,okan,soy,5511264606
279,asli,gunes,5511264607
280,recep,ay,5511264608
281,duygu,isik,5511264609
282,yusuf,ekin,5511264610
283,nazli,kar,5511264611
284,sinan,demirci,5511264612
285,melike,dag,5511264613
286,baris,oral,5511264614
287,ozge,kurt,5511264615
288,halil,ipek,5511264616
289,pelin,albayrak,5511264617
290,faruk,kilicoglu,5511264618
291,aylin,keskin,5511264619
292,caner,caliskan,5511264620
293,selma,sezer,5511264621
294,ersin,korkmaz,5511264622
295,ceyda,turan,5511264623
296,ramazan,guven,5511264624
297,bahar,yaman,5511264625
298,kemal,uludag,5511264626
299,dilek,demirel,5511264627
300,ismail,karadag,5511264628
301,nur,soylu,5511264629
302,salih,peker,5511264630
303,ezgi,arici,5511264631
304,oguzhan,kose,5511264632
305,sude,er,5511264633
306,hasan,bayrak,5511264634
307,leyla,ozgur,5511264635
308,tolga,mutlu,5511264636
309,elifnaz,cin,5511264637
310,mehmetali,akgun,5511264638
311,neslihan,demirtas,5511264639
312,eray,sungur,5511264640
313,aykut,karaman,5511264641
314,sevgi,ozcelik,5511264642
315,berna,kapici,5511264643
316,ilker,tasdemir,5511264644
317,sibel,karakoc,5511264645
318,umut,gokce,5511264646
319,handan,demirezen,5511264647
320,okaner,alkan,5511264648
321,meltem,kucuk,5511264649
322,cagatay,erdinc,5511264650
323,nazan,saglam,5511264651
324,burcu,unaldi,5511264652
325,serhat,bozdag,5511264653
326,ayhan,kalayci,5511264654
327,emel,inceoglu,5511264655
328,koray,aksu,5511264656
329,feyza,akbulut,5511264657
123,awd,awd,123
2001,Ali,Yilmaz,5301110001
2002,Ayse,Demir,5301110002
2003,Mehmet,Kaya,5301110003
2004,Elif,Celik,5301110004
24011962,moha,kara,5511264568
2005,Ahmet,Sahin,5301110005
2006,Zeynep,Aydin,5301110006
2007,Mustafa,Arslan,5301110007
2008,Emine,Dogan,5301110008
2009,Huseyin,Kilic,5301110009
2010,Fatma,Yildiz,5301110010
2011,Omer,Polat,5301110011
2012,Hatice,Aksoy,5301110012
2013,Murat,Ozdemir,5301110013
2014,Seda,Koc,5301110014
240,mo,ad,143
241,ali,yilmaz,5511264569
242,ahmet,demir,5511264570
243,mehmet,kaya,5511264571
244,ayse,celik,5511264572
245,fatma,arslan,5511264573
246,emre,ozkan,5511264574
247,zeynep,simsek,5511264575
248,mustafa,yildiz,5511264576
249,elif,acar,5511264577
250,burak,koc,5511264578
251,esra,erdogan,5511264579
252,omer,aksoy,5511264580
253,melis,unal,5511264581
254,kaan,guler,5511264582
255,selin,bozkurt,5511264583
1,John,Doe,5551234500
2,Jane,Smith,5551234501
3,Ali,Yilmaz,5551234502
4,Ayse,Demir,5551234503
5,Michael,Brown,5551234504
6,Sarah,Johnson,5551234505
7,David,Wilson,5551234506
8,Laura,Garcia,5551234507
9,Robert,Miller,5551234508
10,Maria,Martinez,5551234509